{
  "libero_object_recovery_no_noops": {
    "action": {
      "mean": [
        0.06870663166046143,
        0.13265429437160492,
        -0.0477621965110302,
        0.001122762099839747,
        0.0067457398399710655,
        -0.0149088678881526,
        0.46424177289009094
      ],
      "std": [
        0.2693212032318115,
        0.43350914120674133,
        0.447201132774353,
        0.02406785637140274,
        0.04939214512705803,
        0.04190301150083542,
        0.4987756609916687
      ],
      "max": [
        0.9375,
        0.8919642567634583,
        0.9375,
        0.17678570747375488,
        0.35035714507102966,
        0.1810714304447174,
        1.0
      ],
      "min": [
        -0.8839285969734192,
        -0.9375,
        -0.9375,
        -0.15000000596046448,
        -0.29035714268684387,
        -0.32892856001853943,
        0.0
      ],
      "q01": [
        -0.5356774926185608,
        -0.8725210428237915,
        -0.9375,
        -0.06934663653373718,
        -0.1162647008895874,
        -0.15915966033935547,
        0.0
      ],
      "q99": [
        0.8437132239341736,
        0.84375,
        0.9375,
        0.08113235235214233,
        0.14840756356716156,
        0.08630251884460449,
        1.0
      ],
      "mask": [
        true,
        true,
        true,
        true,
        true,
        true,
        false
      ]
    },
    "proprio": {
      "mean": [
        0.0,
        0.0,
        0.0,
        0.0,
        0.0,
        0.0,
        0.0
      ],
      "std": [
        0.0,
        0.0,
        0.0,
        0.0,
        0.0,
        0.0,
        0.0
      ],
      "max": [
        0.0,
        0.0,
        0.0,
        0.0,
        0.0,
        0.0,
        0.0
      ],
      "min": [
        0.0,
        0.0,
        0.0,
        0.0,
        0.0,
        0.0,
        0.0
      ],
      "q01": [
        0.0,
        0.0,
        0.0,
        0.0,
        0.0,
        0.0,
        0.0
      ],
      "q99": [
        0.0,
        0.0,
        0.0,
        0.0,
        0.0,
        0.0,
        0.0
      ]
    },
    "num_transitions": 71536,
    "num_trajectories": 477
  }
}